{"cameraMode":{"drawMode":2,"name":"Shaded Wireframe","section":"Shading Mode"},"sceneLighting":false,"audioPlay":false,"sceneViewState":{"m_AlwaysRefresh":false,"showFog":true,"showSkybox":false,"showFlares":true,"showImageEffects":true,"showParticleSystems":true,"showVisualEffectGraphs":true,"m_FxEnabled":false},"in2DMode":false,"pivot":{"x":-0.15086251497268678,"y":0.12275132536888123,"z":-0.009424686431884766},"rotation":{"x":0.020398080348968507,"y":0.0014996413374319673,"z":-0.000030470740966848098,"w":0.9997920989990234},"size":1.1164370775222779,"orthographic":false}